{"cameraMode":{"drawMode":0,"name":"Shaded","section":"Shading Mode"},"sceneLighting":true,"audioPlay":false,"sceneViewState":{"showFog":true,"showMaterialUpdate":false,"showSkybox":true,"showFlares":true,"showImageEffects":true,"showParticleSystems":true},"in2DMode":false,"pivot":{"x":14.696830749511719,"y":0.4760549068450928,"z":4.227585315704346},"rotation":{"x":0.09131008386611939,"y":-0.5306887030601502,"z":0.0578773058950901,"w":0.8407425284385681},"size":7.928945541381836,"orthographic":false}