{"cameraMode":{"drawMode":0,"name":"Shaded","section":"Shading Mode"},"sceneLighting":false,"audioPlay":false,"sceneViewState":{"showFog":true,"showMaterialUpdate":false,"showSkybox":false,"showFlares":true,"showImageEffects":true,"showParticleSystems":true},"in2DMode":false,"pivot":{"x":10.899999618530274,"y":3.319999933242798,"z":7.760000228881836},"rotation":{"x":-0.32928529381752016,"y":-0.0652020052075386,"z":0.02245139144361019,"w":-0.9418403506278992},"size":2.4249958992004396,"orthographic":false}