{"cameraMode":{"drawMode":0,"name":"Shaded","section":"Shading Mode"},"sceneLighting":false,"audioPlay":false,"sceneViewState":{"showFog":true,"showMaterialUpdate":false,"showSkybox":false,"showFlares":true,"showImageEffects":true,"showParticleSystems":true},"in2DMode":false,"pivot":{"x":3.097654342651367,"y":-0.5759999752044678,"z":-1.7076168060302735},"rotation":{"x":-0.32928529381752016,"y":-0.0652020052075386,"z":0.02245139144361019,"w":-0.9418403506278992},"size":1.212497591972351,"orthographic":false}